id;username;first_name;last_name;email;profile_image;profile_image_content_type
1;inwardly before daintily;Myrl;Graham-Legros;Justen.Torp67@hotmail.com;../fake-data/blob/hipster.png;image/png
2;importune with correspondent;Arthur;Howe;Bruce_Schaefer26@hotmail.com;../fake-data/blob/hipster.png;image/png
3;bubbly slushy fooey;Ardella;Ortiz-Gottlieb;Armando.Simonis96@yahoo.com;../fake-data/blob/hipster.png;image/png
4;splutter zowie limply;Claudine;Parisian;Marc52@yahoo.com;../fake-data/blob/hipster.png;image/png
5;initial tintype before;Annette;Harris;Landen_Jerde@gmail.com;../fake-data/blob/hipster.png;image/png
6;attractive considering;Anderson;Donnelly;Danika.Romaguera30@yahoo.com;../fake-data/blob/hipster.png;image/png
7;lavish till;Walter;White;Sophie_Murazik@yahoo.com;../fake-data/blob/hipster.png;image/png
8;conjure below;Dorris;Spinka;Cornelius_Reichert30@gmail.com;../fake-data/blob/hipster.png;image/png
9;amidst yuck;Sister;Dare;Rasheed59@yahoo.com;../fake-data/blob/hipster.png;image/png
10;beating unlined and;Neha;Mosciski;Annetta_Bogan68@hotmail.com;../fake-data/blob/hipster.png;image/png
