id;content;date
1;../fake-data/blob/hipster.txt;2024-01-07T04:08:24
2;../fake-data/blob/hipster.txt;2024-01-07T00:31:13
3;../fake-data/blob/hipster.txt;2024-01-07T16:48:44
4;../fake-data/blob/hipster.txt;2024-01-07T20:07:45
5;../fake-data/blob/hipster.txt;2024-01-06T23:44:06
6;../fake-data/blob/hipster.txt;2024-01-07T07:51:12
7;../fake-data/blob/hipster.txt;2024-01-07T17:18:35
8;../fake-data/blob/hipster.txt;2024-01-07T06:53:28
9;../fake-data/blob/hipster.txt;2024-01-07T03:50:57
10;../fake-data/blob/hipster.txt;2024-01-07T05:21:05
